address_id,street_address,postal_city,state,zip,year_built,units,use_code,use_description,source_dataset,retrieved_at,legal_city,legal_city_source,legal_city_geoid,county,county_geoid,zip_geocoded,lat,lon,geocode_match,units_min,units_max,units_source,provenance,query,parcel_id,parcel_source_url,parcel_match,warning
P129E6077,1 WASHINGTON PARK,Newark,NJ,07102,,,,,NJOGIS Parcels & MOD-IV Composite,2026-10-03T20:33Z,"Newark, NJ",census_oneline,3451000,Essex County,34013,07102,40.742614631108,-74.17033466519,Match:oneline,,,unknown,public,"1 Washington Park, Newark, NJ 07102",,https://services2.arcgis.com/XVOqAjTOJ5P6ngMu/arcgis/rest/services/Parcels_Composite_NJ_WM/FeatureServer/0/query?where=MUN_NAME+LIKE+%27NEWARK%25%27+AND+PROP_LOC+LIKE+%27%251%25WASHINGTON+PARK%25%27&outFields=PAMS_PIN%2CMUN_NAME%2CPROP_LOC%2CPROP_CLASS%2CBLDG_DESC%2CYR_CONSTR&returnGeometry=false&f=json,no_parcel_found,Building facts were retrieved automatically from public parcel/assessor data and the Census Geocoder. This address is not in the supplied sample and has not been verified by a human. Not legal advice.
P2A1D4517,1 BROADWAY CT,Cambridge,MA,02138,1969,3,346,INV-OFFICE,Cambridge Property Database FY2026 (waa7-ibdu),2026-10-03T20:33Z,"Cambridge, MA",census_oneline,2511000,Middlesex County,25017,02138,42.373235292482,-71.111564960308,Match:oneline_2_same_place_street_differs,3,3,parcel,public,"1 Broadway, Cambridge, MA 02142",633,https://data.cambridgema.gov/resource/waa7-ibdu.json?%24select=pid%2Caddress%2Cstateclasscode%2Cpropertyclass%2Ccondition_yearbuilt%2Cinterior_numunits%2Cbldgnum&%24where=upper%28address%29+like+%27%25BROADWAY%25%27+AND+upper%28address%29+like+%27%251%25%27&%24limit=200,address,Building facts were retrieved automatically from public parcel/assessor data and the Census Geocoder. This address is not in the supplied sample and has not been verified by a human. Not legal advice.
P35498C74,50 BOWDOIN ST,Dorchester,MA,02121,1905,3,R3/105,THREE-FAM DWELLING,Boston Property Assessment FY2026,2026-10-03T20:33Z,"Boston, MA",census_oneline,2507000,Suffolk County,25025,02124,42.300735842014,-71.072094014046,Match:oneline,3,3,parcel,public,"50 Bowdoin St, Dorchester, MA 02124",1401411000,https://data.boston.gov/api/3/action/datastore_search_sql?sql=SELECT+%22PID%22%2C%22ST_NUM%22%2C%22ST_NUM2%22%2C%22ST_NAME%22%2C%22UNIT_NUM%22%2C%22ZIP_CODE%22%2C%22LU%22%2C%22LUC%22%2C%22LU_DESC%22%2C%22YR_BUILT%22%2C%22RES_UNITS%22%2C%22BLDG_SEQ%22+FROM+%22ee73430d-96c0-423e-ad21-c4cfb54c8961%22+WHERE+upper%28%22ST_NAME%22%29+LIKE+%27BOWDOIN+%25%27+AND+%28%22ST_NUM%22+%3D+%2750%27+OR+%22ST_NUM2%22+IS+NOT+NULL%29+LIMIT+3000,address,Building facts were retrieved automatically from public parcel/assessor data and the Census Geocoder. This address is not in the supplied sample and has not been verified by a human. Not legal advice.
P3B5E50FF,2510 CHANNING WAY,Berkeley,CA,94704,,,,,Alameda County parcels,2026-10-03T20:33Z,"Berkeley, CA",census_oneline,0606000,Alameda County,06001,94704,37.866959237745,-122.258198978437,Match:oneline,,,unknown,public,"2510 Channing Way, Berkeley, CA 94704",,https://services5.arcgis.com/ROBnTHSNjoZ2Wm1P/arcgis/rest/services/Parcels/FeatureServer/0/query?where=SitusCity+%3D+%27BERKELEY%27+AND+SitusStreetNumber+%3D+%272510%27+AND+SitusStreetName+LIKE+%27%25CHANNING%25%27&outFields=APN%2CSitusStreetNumber%2CSitusStreetName%2CSitusUnit%2CSitusZip%2CUseCode&returnGeometry=false&f=json,no_parcel_found,Building facts were retrieved automatically from public parcel/assessor data and the Census Geocoder. This address is not in the supplied sample and has not been verified by a human. Not legal advice.
P684BE0BA,1200 MISSION ST,San Francisco,CA,94103,,,,,DataSF wv5m-vpq2 (2025 roll),2026-10-03T20:33Z,"San Francisco, CA",census_oneline,0667000,San Francisco County,06075,94103,37.777457066778,-122.413260543468,Match:oneline,,,unknown,public,"1200 Mission St, San Francisco, CA 94103",,https://data.sf.gov/resource/wv5m-vpq2.json?%24select=parcel_number%2Cproperty_location%2Cyear_property_built%2Cnumber_of_units%2Cproperty_class_code%2Cproperty_class_code_definition&%24limit=200&%24where=closed_roll_year%3D2025+AND+property_location+like+%27%251200%25MISSION%25%27,no_parcel_found,Building facts were retrieved automatically from public parcel/assessor data and the Census Geocoder. This address is not in the supplied sample and has not been verified by a human. Not legal advice.
P68F1D605,1200 WASHINGTON ST,Hoboken,NJ,07030,,,4A,"2,5B-16U-5C-HBA",NJOGIS Parcels & MOD-IV Composite,2026-10-03T20:33Z,"Hoboken, NJ",census_oneline,3432250,Hudson County,34017,07030,40.751151731922,-74.026774662338,Match:oneline,16,16,use_code,public,"1200 Washington St, Hoboken, NJ 07030",0905_247_37,https://services2.arcgis.com/XVOqAjTOJ5P6ngMu/arcgis/rest/services/Parcels_Composite_NJ_WM/FeatureServer/0/query?geometry=-74.026774662338%2C40.751151731922&geometryType=esriGeometryPoint&inSR=4326&spatialRel=esriSpatialRelIntersects&distance=60&units=esriSRUnit_Meter&where=MUN_NAME+LIKE+%27HOBOKEN%25%27&outFields=PAMS_PIN%2CMUN_NAME%2CPROP_LOC%2CPROP_CLASS%2CBLDG_DESC%2CYR_CONSTR&returnGeometry=false&f=json,address,Building facts were retrieved automatically from public parcel/assessor data and the Census Geocoder. This address is not in the supplied sample and has not been verified by a human. Not legal advice.
PD1326F93,1000 S HOPE ST,Los Angeles,CA,90015,1928,124,010E,Single,LA County eGIS parcels,2026-10-03T20:33Z,"Los Angeles, CA",census_oneline,0644000,Los Angeles County,06037,90015,34.043610643747,-118.261694580465,Match:oneline,124,124,parcel,public,"1000 S Hope St, Los Angeles, CA 90015",5139008029,https://public.gis.lacounty.gov/public/rest/services/LACounty_Cache/LACounty_Parcel/MapServer/0/query?geometry=-118.261694580465%2C34.043610643747&geometryType=esriGeometryPoint&inSR=4326&spatialRel=esriSpatialRelIntersects&distance=60&units=esriSRUnit_Meter&where=SitusCity+LIKE+%27LOS+ANGELES%25%27&outFields=AIN%2CSitusHouseNo%2CSitusStreet%2CSitusUnit%2CSitusZIP%2CYearBuilt1%2CUnits1%2CUnits2%2CUnits3%2CUnits4%2CUnits5%2CUseCode%2CUseDescription&returnGeometry=false&f=json,address_124_parcels_aggregated,Building facts were retrieved automatically from public parcel/assessor data and the Census Geocoder. This address is not in the supplied sample and has not been verified by a human. Not legal advice.
PDEB3F051,3650 5TH AVE,San Diego,CA,92103,,81,17,SANDAG asr_landuse 17,SANDAG/SanGIS parcels,2026-10-03T20:33Z,"San Diego, CA",census_oneline,0666000,San Diego County,06073,92103,32.744520078492,-117.160466707756,Match:oneline,81,81,parcel,public,"3650 5th Ave, San Diego, CA 92103",4522812936,https://geo.sandag.org/server/rest/services/Hosted/Parcels/FeatureServer/0/query?geometry=-117.160466707756%2C32.744520078492&geometryType=esriGeometryPoint&inSR=4326&spatialRel=esriSpatialRelIntersects&distance=60&units=esriSRUnit_Meter&where=situs_juris+%3D+%27SD%27&outFields=apn%2Csitus_address%2Csitus_street%2Csitus_suffix%2Csitus_zip%2Casr_landuse%2Cunitqty&returnGeometry=false&f=json,address_81_parcels_aggregated,Building facts were retrieved automatically from public parcel/assessor data and the Census Geocoder. This address is not in the supplied sample and has not been verified by a human. Not legal advice.
PFA35FF05,300 SUMMIT AVE,Jersey City,NJ,07306,,,4A,2S-F-C-1U,NJOGIS Parcels & MOD-IV Composite,2026-10-03T20:33Z,"Jersey City, NJ",census_oneline,3436000,Hudson County,34017,07306,40.725537725571,-74.064299727242,Match:oneline,1,1,use_code,public,"300 Summit Ave, Jersey City, NJ 07306",0906_13501_18,https://services2.arcgis.com/XVOqAjTOJ5P6ngMu/arcgis/rest/services/Parcels_Composite_NJ_WM/FeatureServer/0/query?geometry=-74.064299727242%2C40.725537725571&geometryType=esriGeometryPoint&inSR=4326&spatialRel=esriSpatialRelIntersects&distance=60&units=esriSRUnit_Meter&where=MUN_NAME+LIKE+%27JERSEY+CITY%25%27&outFields=PAMS_PIN%2CMUN_NAME%2CPROP_LOC%2CPROP_CLASS%2CBLDG_DESC%2CYR_CONSTR&returnGeometry=false&f=json,address,Building facts were retrieved automatically from public parcel/assessor data and the Census Geocoder. This address is not in the supplied sample and has not been verified by a human. Not legal advice.
